id,club,season,matches_played,wins,draws,losses,goals_scored,goals_conceded,goal_difference,points,top_scorer,clean_sheets,possession (%),pass_accuracy (%),shots_per_match,fouls_committed,yellow_cards,red_cards,total_injuries,recruited_players,total_attacks_left,total_attacks_middle,total_attacks_right,conceded_attacks_left,conceded_attacks_middle,conceded_attacks_right,league,possession(%),club_standardized_x,matched_club,club_id,club_code,name,domestic_competition_id,squad_size,average_age,foreigners_number,foreigners_percentage,national_team_players,stadium_name,stadium_seats,net_transfer_record,last_season
0.0,Bayern Munich,0.0,0.0,0.72,0.41666666666666663,0.11538461538461536,0.971830985915493,0.29508196721311475,0.9375,0.7397260273972601,0.32173913043478264,0.44,0.8719008264462809,0.903614457831325,1.0,0.6923076923076924,0.5348837209302326,0.0,0.38095238095238093,0.3636363636363637,0.9500000000000002,0.9444444444444444,0.9545454545454546,0.8461538461538463,0.8571428571428572,0.8461538461538461,0.0,0.375,0.1391304347826087,0.3157894736842105,0.0010074297947361794,0.27192982456140347,0.3157894736842105,0.5714285714285714,0.7222222222222222,0.7441860465116282,0.5172413793103449,0.5584551148225471,0.7727272727272727,0.04424778761061947,0.9173000714610537,0.5453076034966188,1.0
0.05263157894736842,Borussia Dortmund,0.0,0.0,0.76,0.16666666666666663,0.1923076923076923,0.8450704225352113,0.39344262295081966,0.8035714285714286,0.7397260273972601,0.8782608695652174,0.4,0.7231404958677684,0.7650602409638552,0.9166666666666667,0.7692307692307696,0.6511627906976745,0.3333333333333333,0.47619047619047616,0.27272727272727276,0.9000000000000001,0.8888888888888891,0.9090909090909092,0.9230769230769231,0.9285714285714286,0.923076923076923,0.0,0.375,0.1565217391304348,0.15789473684210525,0.0005456911388154305,0.15789473684210525,0.15789473684210525,0.5714285714285714,0.7777777777777777,0.4534883720930234,0.48275862068965514,0.47807933194154495,0.8181818181818182,0.6814159292035398,1.0,0.6576282368464457,1.0
0.10526315789473684,RB Leipzig,0.0,0.0,0.68,0.25,0.23076923076923073,0.5774647887323944,0.34426229508196726,0.6607142857142857,0.6712328767123288,0.16521739130434782,0.48000000000000004,0.628099173553719,0.7349397590361448,0.773809523809524,0.8461538461538463,0.7674418604651163,0.6666666666666667,0.5238095238095237,0.3636363636363637,0.8500000000000001,0.8333333333333335,0.8636363636363638,0.7692307692307694,0.7857142857142856,0.7692307692307693,0.0,0.375,0.7043478260869566,0.6403508771929824,1.0,0.7017543859649122,0.6403508771929824,0.5714285714285714,0.7222222222222222,0.4418604651162792,0.6551724137931034,0.7192066805845511,0.7727272727272727,0.6548672566371682,0.5543948548041318,0.6876463796800264,1.0
0.15789473684210525,Union Berlin,0.0,0.0,0.6,0.41666666666666663,0.23076923076923073,0.3943661971830986,0.29508196721311475,0.5714285714285714,0.6164383561643836,0.8608695652173913,0.52,0.3181818181818182,0.379518072289156,0.4642857142857142,0.6153846153846153,0.5348837209302326,0.0,0.38095238095238093,0.27272727272727276,0.6500000000000001,0.6666666666666667,0.6818181818181819,0.6923076923076923,0.7142857142857142,0.6923076923076924,0.0,0.375,0.9217391304347826,0.008771929824561403,0.0036099567644713093,0.008771929824561403,0.008771929824561403,0.5714285714285714,0.75,0.732558139534884,0.5172413793103449,0.5365344467640919,0.2727272727272727,0.8761061946902655,0.22883128694861302,0.7777008081807686,1.0
0.21052631578947367,SC Freiburg,0.0,0.0,0.56,0.41666666666666663,0.26923076923076916,0.3943661971830986,0.39344262295081966,0.5178571428571428,0.5753424657534245,0.9565217391304348,0.4,0.458677685950413,0.5783132530120474,0.5476190476190477,0.6923076923076924,0.6046511627906976,0.3333333333333333,0.4285714285714286,0.27272727272727276,0.6000000000000001,0.6111111111111112,0.6363636363636365,0.6153846153846154,0.6428571428571428,0.6153846153846155,0.0,0.375,0.8,0.7894736842105263,0.0023926457624984256,0.8157894736842105,0.7894736842105263,0.5714285714285714,0.75,0.7093023255813952,0.41379310344827586,0.4196242171189979,0.2727272727272727,0.2831858407079646,0.39368544143441825,0.7351476166914069,1.0
0.2631578947368421,Bayer Leverkusen,0.0,0.0,0.44000000000000006,0.41666666666666663,0.3846153846153845,0.47887323943661975,0.47540983606557374,0.5267857142857143,0.4520547945205479,0.7043478260869566,0.32,0.5371900826446282,0.6385542168674698,0.6309523809523809,0.7692307692307696,0.6976744186046511,0.3333333333333333,0.47619047619047616,0.3636363636363637,0.7000000000000002,0.7222222222222223,0.7272727272727273,0.8461538461538463,0.8571428571428572,0.8461538461538461,0.0,0.375,0.13043478260869565,0.14035087719298245,0.0005037148973680896,0.14912280701754385,0.14035087719298245,0.5714285714285714,0.7222222222222222,0.6395348837209304,0.6896551724137931,0.7588726513569938,0.7272727272727273,0.10619469026548672,0.3353472357565127,0.6864918357248887,1.0
0.3157894736842105,Eintracht Frankfurt,0.0,0.0,0.4,0.6666666666666666,0.30769230769230765,0.49295774647887325,0.5245901639344263,0.5089285714285714,0.4520547945205479,0.7739130434782608,0.28,0.5206611570247931,0.6265060240963862,0.5952380952380953,0.8461538461538463,0.7674418604651163,0.6666666666666667,0.5714285714285714,0.3636363636363637,0.75,0.7777777777777779,0.7727272727272727,0.9230769230769231,0.9285714285714286,0.923076923076923,0.0,0.375,0.2608695652173913,0.27192982456140347,0.000881501070394157,0.22807017543859648,0.27192982456140347,0.5714285714285714,0.75,0.47674418604651136,0.6896551724137931,0.7296450939457202,0.4545454545454546,0.21238938053097345,0.6964204508542844,0.91753257463302,1.0
0.3684210526315789,Wolfsburg,0.0,0.0,0.4,0.5833333333333333,0.34615384615384615,0.47887323943661975,0.4590163934426229,0.5357142857142857,0.4383561643835617,0.46956521739130436,0.36000000000000004,0.42975206611570227,0.5662650602409638,0.5238095238095237,0.7692307692307696,0.6511627906976745,0.3333333333333333,0.47619047619047616,0.27272727272727276,0.6500000000000001,0.6666666666666667,0.6818181818181819,0.7692307692307694,0.7857142857142856,0.7692307692307693,0.0,0.375,0.991304347826087,0.9649122807017543,0.0033161230743399234,0.9736842105263157,0.9649122807017543,0.5714285714285714,0.8333333333333333,0.511627906976744,0.7241379310344828,0.6868475991649269,0.6363636363636364,0.9734513274336283,0.31854739167153906,0.6957281873659904,1.0
0.42105263157894735,Mainz 05,0.0,0.0,0.36,0.5833333333333333,0.3846153846153845,0.43661971830985913,0.5737704918032787,0.4464285714285714,0.3972602739726027,0.5217391304347826,0.24000000000000002,0.39669421487603296,0.5060240963855422,0.41666666666666674,0.6923076923076924,0.6046511627906976,0.0,0.4285714285714286,0.27272727272727276,0.55,0.5555555555555556,0.5909090909090908,0.6923076923076923,0.7142857142857142,0.6923076923076924,0.0,0.375,0.5478260869565218,0.0,0.0015111446921042692,0.017543859649122806,0.0,0.5714285714285714,0.6666666666666666,0.6860465116279072,0.3448275862068966,0.39144050104384137,0.3181818181818182,0.504424778761062,0.37556031962580394,0.8451591621309583,1.0
0.47368421052631576,Borussia Mönchengladbach,0.0,0.0,0.32,0.5833333333333333,0.42307692307692296,0.4084507042253521,0.5737704918032787,0.42857142857142855,0.35616438356164376,0.6260869565217392,0.19999999999999998,0.4504132231404959,0.572289156626506,0.4761904761904763,0.6153846153846153,0.5348837209302326,0.0,0.38095238095238093,0.27272727272727276,0.5,0.5,0.5454545454545454,0.6153846153846154,0.6428571428571428,0.6153846153846155,0.0,0.375,0.16521739130434782,0.16666666666666666,0.000629643621710112,0.16666666666666666,0.16666666666666666,0.5714285714285714,0.7222222222222222,0.5813953488372097,0.48275862068965514,0.5177453027139874,0.5454545454545454,0.8938053097345132,0.6449944780094848,0.7331683984825994,1.0
0.5263157894736843,FC Köln,0.0,0.0,0.28,0.75,0.3846153846153845,0.3661971830985915,0.5573770491803279,0.4107142857142857,0.3424657534246575,0.22608695652173913,0.24000000000000002,0.34297520661156994,0.403614457831325,0.29761904761904767,0.6153846153846153,0.5348837209302326,0.0,0.38095238095238093,0.27272727272727276,0.45,0.5,0.5,0.6153846153846154,0.5714285714285714,0.6153846153846155,0.0,0.375,0.33043478260869563,0.017543859649122806,0.0,0.0,0.017543859649122806,0.5714285714285714,0.9444444444444444,0.3837209302325581,0.3793103448275862,0.29436325678496866,0.2727272727272727,0.6637168141592921,0.5924770999805107,0.763846280719116,0.9090909090909065
0.5789473684210527,Hoffenheim,0.0,0.0,0.28,0.25,0.6153846153846153,0.352112676056338,0.6065573770491803,0.375,0.2602739726027397,0.0782608695652174,0.19999999999999998,0.4132231404958676,0.5421686746987948,0.38095238095238093,0.6923076923076924,0.6511627906976745,0.3333333333333333,0.47619047619047616,0.27272727272727276,0.5,0.5555555555555556,0.5454545454545454,0.6923076923076923,0.6428571428571428,0.6923076923076924,0.0,0.375,0.4434782608695652,0.8596491228070176,0.022247407967090627,0.894736842105263,0.8596491228070176,0.5714285714285714,0.9166666666666666,0.5465116279069766,0.7586206896551724,0.6524008350730689,0.5454545454545454,0.6194690265486725,0.3345676606249594,0.6121062180438727,1.0
0.631578947368421,Werder Bremen,0.0,0.0,0.28,0.25,0.6153846153846153,0.3943661971830986,0.7213114754098361,0.3392857142857143,0.2602739726027397,0.7217391304347827,0.16,0.3181818181818182,0.379518072289156,0.3452380952380951,0.6153846153846153,0.5348837209302326,0.0,0.38095238095238093,0.27272727272727276,0.39999999999999997,0.4444444444444445,0.4545454545454546,0.5384615384615385,0.5,0.5384615384615384,0.0,0.375,0.9739130434782609,0.8070175438596491,0.0034840280401292867,0.8771929824561403,0.8070175438596491,0.5714285714285714,0.75,0.6162790697674423,0.41379310344827586,0.4196242171189979,0.2727272727272727,1.0,0.489833040992659,0.7548408378690418,1.0
0.6842105263157894,VfL Bochum,0.0,0.0,0.28,0.16666666666666663,0.6538461538461539,0.23943661971830987,0.8524590163934426,0.16964285714285715,0.2465753424657534,0.7652173913043478,0.16,0.19008264462809904,0.2409638554216862,0.1785714285714286,0.5384615384615387,0.41860465116279066,0.0,0.33333333333333326,0.18181818181818182,0.3,0.3333333333333333,0.2727272727272728,0.46153846153846156,0.4285714285714285,0.46153846153846156,0.0,0.375,0.9478260869565217,0.956140350877193,0.0032321705914452417,0.9649122807017543,0.956140350877193,0.5714285714285714,0.75,0.6976744186046514,0.4482758620689655,0.4582463465553236,0.18181818181818182,0.9823008849557522,0.2806470473591893,0.7744021111660894,1.0
0.736842105263158,Augsburg,0.0,0.0,0.24,0.33333333333333326,0.6153846153846153,0.2676056338028169,0.7049180327868853,0.26785714285714285,0.2328767123287671,0.3391304347826087,0.19999999999999998,0.243801652892562,0.3253012048192776,0.2738095238095237,0.6153846153846153,0.5348837209302326,0.0,0.47619047619047616,0.27272727272727276,0.39999999999999997,0.4444444444444445,0.4545454545454546,0.5384615384615385,0.5,0.5384615384615384,0.0,0.375,0.09565217391304348,0.43859649122807015,0.006884103597363893,0.2543859649122807,0.43859649122807015,0.5714285714285714,0.75,0.5813953488372097,0.5862068965517241,0.6137787056367432,0.4090909090909091,0.9911504424778761,0.3411940492431625,0.842190334817747,1.0
0.7894736842105263,Stuttgart,0.0,0.0,0.16000000000000003,0.75,0.4999999999999999,0.3098591549295775,0.6065573770491803,0.3482142857142857,0.2191780821917808,0.8521739130434782,0.16,0.35537190082644604,0.4277108433734931,0.30952380952380953,0.6923076923076924,0.6046511627906976,0.3333333333333333,0.5238095238095237,0.3636363636363637,0.45,0.5,0.5,0.6153846153846154,0.5714285714285714,0.6153846153846155,0.0,0.375,0.8695652173913043,0.9473684210526315,0.0031901943499979012,0.956140350877193,0.9473684210526315,0.5714285714285714,0.9722222222222222,0.3255813953488375,0.5172413793103449,0.40396659707724425,0.5909090909090909,0.4424778761061947,0.7282401091405184,0.7203694540656441,1.0
0.8421052631578947,Schalke 04,0.0,0.0,0.16000000000000003,0.5833333333333333,0.5769230769230768,0.16901408450704225,0.8360655737704917,0.13392857142857145,0.1917808219178082,0.6347826086956522,0.12,0.14876033057851215,0.18072289156626464,0.1428571428571428,0.46153846153846156,0.37209302325581395,0.0,0.2857142857142857,0.09090909090909093,0.25000000000000006,0.27777777777777773,0.2272727272727273,0.3846153846153846,0.3571428571428571,0.3846153846153847,0.0,0.375,0.8173913043478261,0.3421052631578947,0.001259287243420224,0.42105263157894735,0.3421052631578947,0.5714285714285714,0.75,0.5930232558139534,0.41379310344827586,0.4196242171189979,0.18181818181818182,0.9469026548672567,0.7519132073020204,0.792544944746825,0.818181818181813
0.894736842105263,Hertha Berlin,0.0,0.0,0.16000000000000003,0.41666666666666663,0.6538461538461539,0.2676056338028169,0.8032786885245903,0.2142857142857143,0.1643835616438356,0.23478260869565218,0.07999999999999999,0.20661157024793392,0.18072289156626464,0.1785714285714286,0.3846153846153849,0.3023255813953488,0.0,0.23809523809523808,0.09090909090909093,0.2,0.22222222222222227,0.18181818181818188,0.3076923076923077,0.2857142857142857,0.3076923076923077,0.0,0.375,0.43478260869565216,0.47368421052631576,0.001721025899340973,0.5526315789473684,0.47368421052631576,0.5714285714285714,1.0,0.3255813953488375,0.48275862068965514,0.36221294363256784,0.3181818181818182,0.5663716814159292,0.912973429480933,0.7806696354939798,0.818181818181813
0.0,Feyenoord,0.0,0.0,0.88,0.33333333333333326,0.0,0.8169014084507042,0.1639344262295082,0.9107142857142857,0.8904109589041096,0.8434782608695652,0.6,0.7975206611570247,0.831325301204819,0.8809523809523809,0.7692307692307696,0.6046511627906976,0.0,0.4285714285714286,0.3636363636363637,0.9500000000000002,0.9444444444444444,0.9545454545454546,0.7692307692307694,0.7857142857142856,0.7692307692307693,0.2,0.375,0.3652173913043478,0.35964912280701755,0.009696511774335725,0.5175438596491228,0.35964912280701755,0.7142857142857142,0.9166666666666666,0.3604651162790697,0.7241379310344828,0.6200417536534447,0.5909090909090909,0.8849557522123894,0.5599948028324563,0.9713343229424377,1.0
0.05263157894736842,PSV Eindhoven,0.0,0.0,0.8,0.25,0.11538461538461536,0.9295774647887325,0.3278688524590164,0.8928571428571428,0.7945205479452053,0.9826086956521739,0.52,0.7685950413223139,0.7831325301204819,0.8333333333333335,0.8461538461538463,0.6511627906976745,0.3333333333333333,0.47619047619047616,0.27272727272727276,0.9000000000000001,0.8888888888888891,0.9090909090909092,0.8461538461538463,0.8571428571428572,0.8461538461538461,0.2,0.375,0.6869565217391305,0.2631578947368421,0.015950971749989506,0.6929824561403508,0.2631578947368421,0.7142857142857142,0.75,0.5348837209302324,0.48275862068965514,0.4979123173277662,0.5454545454545454,0.6017699115044248,0.39912947443643215,0.7585683654956292,1.0
0.10526315789473684,Ajax,0.0,0.0,0.68,0.5,0.11538461538461536,0.8873239436619718,0.29508196721311475,0.8839285714285714,0.7123287671232876,0.2608695652173913,0.44,0.8719008264462809,0.9156626506024095,0.9880952380952381,0.9230769230769234,0.7674418604651163,0.6666666666666667,0.5714285714285714,0.3636363636363637,1.0,1.0,1.0,0.9230769230769231,0.9285714285714286,0.923076923076923,0.2,0.375,0.017391304347826087,0.03508771929824561,0.02547957855853587,0.07017543859649122,0.03508771929824561,0.7142857142857142,0.7777777777777777,0.5000000000000002,0.41379310344827586,0.40396659707724425,0.5,0.3805309734513274,0.6689404274670305,0.9453076034966188,1.0
0.15789473684210525,AZ Alkmaar,0.0,0.0,0.68,0.41666666666666663,0.15384615384615383,0.6338028169014085,0.24590163934426235,0.75,0.6986301369863013,0.9304347826086956,0.48000000000000004,0.6694214876033054,0.7048192771084336,0.6785714285714286,0.8461538461538463,0.6976744186046511,0.3333333333333333,0.5238095238095237,0.27272727272727276,0.8500000000000001,0.8333333333333335,0.8636363636363638,0.7692307692307694,0.7857142857142856,0.7692307692307693,0.2,0.375,0.11304347826086956,0.043859649122807015,0.04562817445325946,0.14035087719298245,0.043859649122807015,0.7142857142857142,0.8055555555555555,0.3255813953488375,0.24137931034482757,0.2077244258872651,0.18181818181818182,0.0,0.19590723055934514,0.8492825333993073,1.0
0.21052631578947367,FC Twente,0.0,0.0,0.6,0.5833333333333333,0.15384615384615383,0.6056338028169014,0.2786885245901639,0.7142857142857142,0.6438356164383561,0.808695652173913,0.4,0.6033057851239668,0.6385542168674698,0.6071428571428572,0.7692307692307696,0.6511627906976745,0.0,0.47619047619047616,0.27272727272727276,0.8,0.7777777777777779,0.8181818181818181,0.8461538461538463,0.8571428571428572,0.8461538461538461,0.2,0.375,0.3391304347826087,0.38596491228070173,0.013180539814465013,0.4649122807017544,0.38596491228070173,0.7142857142857142,0.6944444444444444,0.488372093023256,0.4482758620689655,0.4989561586638831,0.18181818181818182,0.18584070796460178,0.3352822711622166,0.784463137060861,1.0
0.2631578947368421,Sparta Rotterdam,0.0,0.0,0.56,0.41666666666666663,0.26923076923076916,0.5211267605633803,0.2786885245901639,0.6607142857142857,0.5753424657534245,0.9130434782608696,0.36000000000000004,0.458677685950413,0.5783132530120474,0.5595238095238095,0.6923076923076924,0.6046511627906976,0.3333333333333333,0.4285714285714286,0.27272727272727276,0.75,0.7222222222222223,0.7727272727272727,0.7692307692307694,0.7857142857142856,0.7692307692307693,0.2,0.375,0.8434782608695652,0.7719298245614035,0.019518952273013476,0.8333333333333333,0.7719298245614035,0.7142857142857142,0.6944444444444444,0.4302325581395349,0.3103448275862069,0.33194154488517746,0.13636363636363635,0.7168141592920354,0.08609108036120314,0.7715982187036121,1.0
0.3157894736842105,FC Utrecht,0.0,0.0,0.48,0.5,0.30769230769230765,0.45070422535211263,0.34426229508196726,0.5803571428571428,0.5068493150684932,0.06956521739130435,0.32,0.5165289256198345,0.6325301204819276,0.5238095238095237,0.6153846153846153,0.5348837209302326,0.0,0.38095238095238093,0.27272727272727276,0.6500000000000001,0.6666666666666667,0.6818181818181819,0.6923076923076923,0.7142857142857142,0.6923076923076924,0.2,0.375,0.34782608695652173,0.39473684210526316,0.008269319565126138,0.47368421052631576,0.39473684210526316,0.7142857142857142,0.75,0.4534883720930234,0.5862068965517241,0.6137787056367432,0.13636363636363635,0.8672566371681416,0.25141297992594036,0.8058386937159822,1.0
0.3684210526315789,SC Heerenveen,0.0,0.0,0.36,0.5833333333333333,0.3846153846153845,0.295774647887324,0.4918032786885246,0.4017857142857143,0.3972602739726027,0.8695652173913043,0.24000000000000002,0.39669421487603296,0.5060240963855422,0.41666666666666674,0.5384615384615387,0.41860465116279066,0.0,0.33333333333333326,0.18181818181818182,0.5,0.5,0.5454545454545454,0.6153846153846154,0.6428571428571428,0.6153846153846155,0.2,0.375,0.808695652173913,0.7982456140350876,0.012718801158544263,0.8245614035087718,0.7982456140350876,0.7142857142857142,0.8333333333333333,0.3488372093023255,0.5862068965517241,0.5480167014613779,0.2272727272727273,0.02654867256637168,0.29655038004287665,0.7725218538677222,1.0
0.42105263157894735,RKC Waalwijk,0.0,0.0,0.32,0.41666666666666663,0.4999999999999999,0.3802816901408451,0.7213114754098361,0.33035714285714285,0.32876712328767127,0.6695652173913044,0.19999999999999998,0.3181818181818182,0.379518072289156,0.3452380952380951,0.46153846153846156,0.37209302325581395,0.0,0.2857142857142857,0.09090909090909093,0.39999999999999997,0.4444444444444445,0.4545454545454546,0.5384615384615385,0.5,0.5384615384615384,0.2,0.375,0.7565217391304347,0.7192982456140351,0.009738488015783066,0.7807017543859649,0.7192982456140351,0.7142857142857142,0.8333333333333333,0.6046511627906976,0.48275862068965514,0.4436325678496869,0.2727272727272727,0.46017699115044247,0.04038199181446112,0.7585683654956292,1.0
0.47368421052631576,Vitesse,0.0,0.0,0.28,0.5833333333333333,0.4615384615384615,0.3098591549295775,0.4918032786885246,0.4107142857142857,0.3150684931506849,0.5478260869565218,0.19999999999999998,0.34297520661156994,0.403614457831325,0.29761904761904767,0.6153846153846153,0.5348837209302326,0.0,0.38095238095238093,0.27272727272727276,0.45,0.5,0.5,0.6153846153846154,0.5714285714285714,0.6153846153846155,0.2,0.375,0.9652173913043478,0.9824561403508771,0.020820215757881042,0.9824561403508771,0.9824561403508771,0.7142857142857142,0.6944444444444444,0.0,0.1724137931034483,0.1649269311064718,0.0,0.3008849557522124,0.2189046969401676,0.7585683654956292,0.9090909090909065
0.5263157894736843,Go Ahead Eagles,0.0,0.0,0.28,0.41666666666666663,0.5384615384615384,0.323943661971831,0.5901639344262295,0.3660714285714286,0.2876712328767123,0.9652173913043478,0.16,0.26033057851239666,0.36746987951807153,0.2857142857142856,0.46153846153846156,0.37209302325581395,0.0,0.2857142857142857,0.09090909090909093,0.35000000000000003,0.3888888888888889,0.31818181818181823,0.46153846153846156,0.4285714285714285,0.46153846153846156,0.2,0.375,0.4173913043478261,0.4649122807017544,0.06010997775259203,0.5438596491228069,0.4649122807017544,0.7142857142857142,0.6666666666666666,0.3720930232558139,0.41379310344827586,0.47807933194154495,0.09090909090909091,0.17699115044247787,0.07276034561164166,0.780339765792512,1.0
0.5789473684210527,NEC Nijmegen,0.0,0.0,0.2,1.0,0.34615384615384615,0.2676056338028169,0.4098360655737705,0.42857142857142855,0.30136986301369856,0.591304347826087,0.19999999999999998,0.29338842975206597,0.35542168674698793,0.26190476190476186,0.5384615384615387,0.41860465116279066,0.0,0.33333333333333326,0.18181818181818182,0.39999999999999997,0.4444444444444445,0.4545454545454546,0.5384615384615385,0.5,0.5384615384615384,0.2,0.375,0.6347826086956522,0.5614035087719298,0.019476976031566135,0.6403508771929824,0.5614035087719298,0.7142857142857142,0.7777777777777777,0.4651162790697676,0.3793103448275862,0.36638830897703545,0.09090909090909091,0.33628318584070793,0.10719158058857922,0.755599538182418,1.0
0.631578947368421,Fortuna Sittard,0.0,0.0,0.28,0.25,0.6153846153846153,0.22535211267605637,0.6885245901639344,0.25,0.2602739726027397,0.14782608695652175,0.16,0.22727272727272735,0.26506024096385516,0.20238095238095233,0.3846153846153849,0.3023255813953488,0.0,0.23809523809523808,0.09090909090909093,0.25000000000000006,0.27777777777777773,0.2272727272727273,0.3846153846153846,0.3571428571428571,0.3846153846153847,0.2,0.375,0.3826086956521739,0.4122807017543859,0.01603492423288419,0.5263157894736842,0.4122807017543859,0.7142857142857142,0.7222222222222222,0.5581395348837213,0.6206896551724138,0.6784968684759917,0.045454545454545456,0.2920353982300885,0.10914051841746247,0.7577436912419594,1.0
0.6842105263157894,FC Volendam,0.0,0.0,0.28,0.25,0.6153846153846153,0.2676056338028169,0.8360655737704917,0.19642857142857145,0.2602739726027397,0.8260869565217391,0.12,0.20661157024793392,0.18072289156626464,0.1785714285714286,0.30769230769230776,0.2558139534883721,0.0,0.19047619047619047,0.09090909090909093,0.2,0.22222222222222227,0.18181818181818188,0.3076923076923077,0.2857142857142857,0.3076923076923077,0.2,0.375,0.3565217391304348,0.3508771929824561,0.03026487008353272,0.5087719298245614,0.3508771929824561,0.7142857142857142,0.6944444444444444,0.24418604651162756,0.20689655172413793,0.2066805845511482,0.09090909090909091,0.4070796460176991,0.03877086987591762,0.7612073231073726,0.9090909090909065
0.736842105263158,FC Emmen,0.0,0.0,0.12,0.5833333333333333,0.6153846153846153,0.1408450704225352,0.7377049180327869,0.16964285714285715,0.1506849315068493,0.8,0.07999999999999999,0.14876033057851215,0.18072289156626464,0.1428571428571428,0.23076923076923067,0.18604651162790697,0.0,0.14285714285714285,0.09090909090909093,0.14999999999999997,0.16666666666666669,0.13636363636363646,0.23076923076923084,0.2142857142857143,0.23076923076923073,0.2,0.375,0.3130434782608696,0.32456140350877194,0.053729589052596234,0.32456140350877194,0.32456140350877194,0.7142857142857142,0.4722222222222222,0.5000000000000002,0.20689655172413793,0.32463465553235904,0.0,0.19469026548672566,0.050789319820697724,0.7585683654956292,0.818181818181813
0.7894736842105263,SC Cambuur,0.0,0.0,0.08000000000000002,0.6666666666666666,0.6153846153846153,0.04225352112676056,0.7868852459016394,0.08035714285714285,0.1232876712328767,0.6782608695652174,0.04,0.11157024793388406,0.12650602409638534,0.11904761904761907,0.15384615384615377,0.13953488372093026,0.0,0.09523809523809523,0.0,0.10000000000000003,0.1111111111111111,0.09090909090909094,0.15384615384615385,0.1428571428571428,0.15384615384615385,0.2,0.375,0.7913043478260869,0.7280701754385964,0.005456911388154305,0.8070175438596491,0.7280701754385964,0.7142857142857142,0.4444444444444444,0.20930232558139536,0.13793103448275862,0.21711899791231734,0.13636363636363635,0.1415929203539823,0.07600857532644709,0.7585683654956292,0.818181818181813
0.8421052631578947,FC Groningen,0.0,0.0,0.04000000000000001,0.25,0.846153846153846,0.11267605633802819,0.9016393442622951,0.0625,0.0136986301369863,0.7913043478260869,0.04,0.053719008264462756,0.07831325301204739,0.04761904761904745,0.07692307692307689,0.06976744186046513,0.0,0.047619047619047616,0.0,0.04999999999999999,0.055555555555555525,0.045454545454545525,0.07692307692307693,0.0714285714285714,0.07692307692307698,0.2,0.375,0.32173913043478264,0.3684210526315789,0.00835327204802082,0.3771929824561403,0.3684210526315789,0.7142857142857142,0.7777777777777777,0.3720930232558139,0.27586206896551724,0.2546972860125261,0.18181818181818182,0.2743362831858407,0.23588644188917038,0.7654296552861619,1.0
0.894736842105263,Excelsior,0.0,0.0,0.0,0.41666666666666663,0.8076923076923075,0.07042253521126762,0.9180327868852459,0.0267857142857143,0.0,0.782608695652174,0.0,0.0,0.0,0.0,0.0,0.0,0.0,0.0,0.0,0.0,0.0,0.0,0.0,0.0,0.0,0.2,0.375,0.30434782608695654,0.3070175438596491,0.03337111195063594,0.7982456140350876,0.3070175438596491,0.7142857142857142,0.6944444444444444,0.10465116279069746,0.27586206896551724,0.29018789144050106,0.045454545454545456,0.9380530973451328,0.0,0.7692891307933366,0.9090909090909065
0.0,Barcelona,0.0,1.0,1.0,0.08333333333333331,0.15384615384615383,0.6619718309859155,0.0,0.9017857142857142,0.9726027397260273,0.8173913043478261,1.0,1.0,1.0,0.773809523809524,0.6923076923076924,0.5348837209302326,0.03333333333333338,0.38095238095238093,0.3636363636363637,0.8500000000000001,0.8888888888888891,0.8636363636363638,0.7707692307692307,0.7857142857142856,0.7692307692307693,0.4,0.375,0.12173913043478261,0.4298245614035088,0.005372958905259623,0.2631578947368421,0.4298245614035088,0.0,0.7222222222222222,0.4302325581395349,0.27586206896551724,0.2776617954070981,0.6363636363636364,0.5752212389380531,0.6694731371402586,0.7786904172851724,1.0
0.05263157894736842,Real Madrid,0.0,1.0,0.84,0.25,0.23076923076923073,0.732394366197183,0.2622950819672131,0.8035714285714286,0.8356164383561642,0.5130434782608696,0.6799999999999999,0.7231404958677684,0.903614457831325,0.7142857142857144,0.8461538461538463,0.6511627906976745,0.3333333333333333,0.5238095238095237,0.27272727272727276,0.8,0.8333333333333335,0.8181818181818181,0.8461538461538463,0.8571428571428572,0.8461538461538461,0.4,0.375,0.7217391304347827,0.6842105263157894,0.017420140200646434,0.7543859649122806,0.6842105263157894,0.0,0.6388888888888888,0.6976744186046514,0.5862068965517241,0.7275574112734865,0.8636363636363636,0.6991150442477876,0.9958292730461898,0.6497113640112155,1.0
0.10526315789473684,Atlético Madrid,0.0,1.0,0.8,0.41666666666666663,0.1923076923076923,0.6619718309859155,0.21311475409836067,0.7857142857142857,0.821917808219178,0.09565217391304348,0.64,0.458677685950413,0.6746987951807233,0.5595238095238095,1.0,0.7674418604651163,0.6666666666666667,0.6666666666666666,0.3636363636363637,0.75,0.7777777777777779,0.7727272727272727,0.9230769230769231,0.9285714285714286,0.923076923076923,0.4,0.375,0.08695652173913043,0.22807017543859648,0.000419762414473408,0.13157894736842105,0.22807017543859648,0.0,0.6388888888888888,0.9302325581395352,0.5517241379310345,0.6826722338204593,0.7272727272727273,0.6725663716814159,0.8583122198401871,0.45805706745835395,1.0
0.15789473684210525,Real Sociedad,0.0,1.0,0.72,0.41666666666666663,0.26923076923076916,0.3943661971830986,0.24590163934426235,0.5982142857142857,0.7397260273972601,0.026086956521739132,0.5599999999999999,0.56198347107438,0.7048192771084336,0.48809523809523814,0.7692307692307696,0.6046511627906976,0.0,0.47619047619047616,0.27272727272727276,0.6500000000000001,0.7222222222222223,0.6818181818181819,0.8461538461538463,0.7857142857142856,0.8461538461538461,0.4,0.375,0.7304347826086957,0.6929824561403508,0.028459891701297067,0.763157894736842,0.6929824561403508,0.0,0.6944444444444444,0.5000000000000002,0.27586206896551724,0.29018789144050106,0.4545454545454546,0.6460176991150443,0.45362177613200805,0.8388916378030677,1.0
0.21052631578947367,Villarreal,0.0,1.0,0.64,0.33333333333333326,0.3846153846153845,0.5070422535211268,0.3278688524590164,0.625,0.6438356164383561,0.3826086956521739,0.52,0.512396694214876,0.6265060240963862,0.5119047619047619,0.9230769230769234,0.6976744186046511,0.3333333333333333,0.5714285714285714,0.3636363636363637,0.7000000000000002,0.6666666666666667,0.7272727272727273,0.7692307692307694,0.7142857142857142,0.7692307692307693,0.4,0.375,0.9565217391304348,0.9736842105263157,0.04394912479536582,0.5,0.9736842105263157,0.0,0.6666666666666666,0.7093023255813952,0.3793103448275862,0.4342379958246346,0.5,0.415929203539823,0.2481647502111349,0.7965033811644401,1.0
0.2631578947368421,Real Betis,0.0,1.0,0.56,0.5,0.3846153846153845,0.323943661971831,0.34426229508196726,0.5,0.5890410958904109,0.13043478260869565,0.44,0.42148760330578516,0.5481927710843371,0.41666666666666674,0.8461538461538463,0.6511627906976745,0.3333333333333333,0.5238095238095237,0.27272727272727276,0.6000000000000001,0.6111111111111112,0.6363636363636365,0.6923076923076923,0.6428571428571428,0.6923076923076924,0.4,0.375,0.7130434782608696,0.6578947368421052,0.006170507492759099,0.7456140350877193,0.6578947368421052,0.0,0.6944444444444444,0.8023255813953488,0.41379310344827586,0.4572025052192067,0.2727272727272727,0.11504424778761062,0.7317741830702268,0.8250371103414151,1.0
0.3157894736842105,Osasuna,0.0,1.0,0.48,0.41666666666666663,0.4999999999999999,0.19718309859154926,0.360655737704918,0.4107142857142857,0.4931506849315069,0.08695652173913043,0.36000000000000004,0.3099173553719006,0.40963855421686723,0.3214285714285714,0.6923076923076924,0.5348837209302326,0.0,0.38095238095238093,0.18181818181818182,0.5,0.5555555555555556,0.5454545454545454,0.6153846153846154,0.5714285714285714,0.6153846153846155,0.4,0.375,0.6695652173913044,0.21929824561403508,0.013768207194727784,0.18421052631578946,0.21929824561403508,0.0,0.611111111111111,0.8372093023255814,0.06896551724137931,0.05114822546972859,0.13636363636363635,0.23008849557522124,0.2491522120444358,0.7608774534059046,1.0
0.3684210526315789,Athletic Bilbao,0.0,1.0,0.44000000000000006,0.5,0.4999999999999999,0.3380281690140845,0.3770491803278688,0.49107142857142855,0.46575342465753417,0.4434782608695652,0.4,0.37190082644628114,0.5,0.38095238095238093,0.7692307692307696,0.6046511627906976,0.3333333333333333,0.47619047619047616,0.27272727272727276,0.55,0.6111111111111112,0.5909090909090908,0.6923076923076923,0.6428571428571428,0.6923076923076924,0.4,0.375,0.0782608695652174,0.13157894736842105,0.025941317214456618,0.12280701754385964,0.13157894736842105,0.0,0.6666666666666666,0.6976744186046514,0.034482758620689655,0.0,0.2272727272727273,0.6902654867256637,0.6352108101084909,0.7297047666171862,1.0
0.42105263157894735,Mallorca,0.0,1.0,0.44000000000000006,0.41666666666666663,0.5384615384615384,0.19718309859154926,0.3770491803278688,0.4017857142857143,0.4520547945205479,0.9391304347826087,0.32,0.26033057851239666,0.36746987951807153,0.2857142857142856,0.6153846153846153,0.4651162790697674,0.0,0.4285714285714286,0.18181818181818182,0.45,0.5,0.5,0.5384615384615385,0.5,0.5384615384615384,0.4,0.375,0.5565217391304348,0.6754385964912281,0.009822440498677748,0.7368421052631579,0.6754385964912281,0.0,0.6666666666666666,0.8837209302325584,0.3448275862068966,0.39144050104384137,0.3181818181818182,0.45132743362831856,0.2809069057363737,0.7969981857166419,1.0
0.47368421052631576,Girona,0.0,1.0,0.4,0.5833333333333333,0.4999999999999999,0.49295774647887325,0.5737704918032787,0.48214285714285715,0.4383561643835617,0.1826086956521739,0.28,0.3264462809917353,0.4216867469879517,0.3571428571428572,0.5384615384615387,0.41860465116279066,0.0,0.38095238095238093,0.27272727272727276,0.39999999999999997,0.4444444444444445,0.4545454545454546,0.46153846153846156,0.4285714285714285,0.46153846153846156,0.4,0.375,0.40869565217391307,0.45614035087719296,0.517063342148344,0.3684210526315789,0.45614035087719296,0.0,0.7222222222222222,0.7209302325581398,0.5172413793103449,0.5584551148225471,0.2727272727272727,0.5221238938053098,0.1328396024166829,0.7948540326571004,1.0
0.5263157894736843,Rayo Vallecano,0.0,1.0,0.4,0.5833333333333333,0.4999999999999999,0.3098591549295775,0.5409836065573771,0.3839285714285714,0.4383561643835617,0.4260869565217391,0.28,0.29338842975206597,0.35542168674698793,0.26190476190476186,0.6153846153846153,0.5348837209302326,0.0,0.38095238095238093,0.27272727272727276,0.39999999999999997,0.4444444444444445,0.4545454545454546,0.5384615384615385,0.5,0.5384615384615384,0.4,0.375,0.6956521739130435,0.6491228070175439,0.015279351886832052,0.7105263157894737,0.6491228070175439,0.0,0.6944444444444444,1.0,0.3103448275862069,0.33194154488517746,0.2272727272727273,0.24778761061946902,0.13393100760085752,0.7651657595249877,1.0
0.5789473684210527,Sevilla,0.0,1.0,0.4,0.5833333333333333,0.4999999999999999,0.3380281690140845,0.5573770491803279,0.39285714285714285,0.4383561643835617,0.991304347826087,0.24000000000000002,0.34297520661156994,0.403614457831325,0.29761904761904767,0.6923076923076924,0.6511627906976745,0.3333333333333333,0.5238095238095237,0.3636363636363637,0.45,0.5,0.5,0.6153846153846154,0.5714285714285714,0.6153846153846155,0.4,0.375,0.8260869565217391,0.7368421052631579,0.015321328128279393,0.4298245614035088,0.7368421052631579,0.0,0.6388888888888888,0.5581395348837213,0.4482758620689655,0.545929018789144,0.36363636363636365,0.6371681415929203,0.5129994153186513,0.8131618010885701,1.0
0.631578947368421,Celta Vigo,0.0,1.0,0.32,0.5833333333333333,0.5769230769230768,0.2816901408450704,0.5409836065573771,0.3660714285714286,0.35616438356164376,0.4173913043478261,0.19999999999999998,0.39669421487603296,0.49397590361445776,0.33333333333333326,0.7692307692307696,0.7674418604651163,0.6666666666666667,0.5714285714285714,0.27272727272727276,0.5,0.5555555555555556,0.5454545454545454,0.6923076923076923,0.6428571428571428,0.6923076923076924,0.4,0.375,0.20869565217391306,0.6666666666666666,0.039331738236158334,0.19298245614035087,0.6666666666666666,0.0,0.6666666666666666,0.6511627906976746,0.20689655172413793,0.21711899791231734,0.18181818181818182,0.017699115044247787,0.21229130124082377,0.7998020781791193,1.0
0.6842105263157894,Cádiz,0.0,1.0,0.28,0.75,0.5384615384615384,0.09859154929577463,0.5409836065573771,0.25,0.3424657534246575,1.0,0.24000000000000002,0.14049586776859505,0.19879518072289137,0.16666666666666652,0.5384615384615387,0.41860465116279066,0.0,0.38095238095238093,0.18181818181818182,0.3,0.3333333333333333,0.2727272727272728,0.46153846153846156,0.4285714285714285,0.46153846153846156,0.4,0.375,0.25217391304347825,0.24561403508771928,0.11266423204466272,0.2982456140350877,0.24561403508771928,0.0,0.7222222222222222,0.8604651162790699,0.20689655172413793,0.19728601252609604,0.09090909090909091,0.5309734513274336,0.21690378743584746,0.771763153554346,0.9090909090909065
0.736842105263158,Getafe,0.0,1.0,0.28,0.75,0.5384615384615384,0.15492957746478875,0.4098360655737705,0.35714285714285715,0.3424657534246575,0.3130434782608696,0.28,0.16528925619834703,0.21686746987951722,0.20238095238095233,0.6153846153846153,0.4651162790697674,0.0,0.4285714285714286,0.27272727272727276,0.35000000000000003,0.3888888888888889,0.31818181818181823,0.5384615384615385,0.5,0.5384615384615384,0.4,0.375,0.4,0.4473684210526315,0.15556395080384502,0.35964912280701755,0.4473684210526315,0.0,0.6666666666666666,0.6860465116279072,0.3448275862068966,0.39144050104384137,0.18181818181818182,0.1592920353982301,0.16111219385434938,0.8298202210127,1.0
0.7894736842105263,Valencia,0.0,1.0,0.32,0.5,0.6153846153846153,0.2676056338028169,0.4098360655737705,0.42857142857142855,0.3424657534246575,0.4956521739130435,0.24000000000000002,0.35537190082644604,0.4277108433734931,0.30952380952380953,0.6923076923076924,0.6046511627906976,0.3333333333333333,0.5238095238095237,0.3636363636363637,0.45,0.5,0.5,0.6153846153846154,0.5714285714285714,0.6153846153846155,0.4,0.375,0.9304347826086956,0.9298245614035088,0.04390714855391848,0.48245614035087714,0.9298245614035088,0.0,0.7222222222222222,0.5348837209302324,0.3103448275862069,0.3173277661795407,0.2272727272727273,0.49557522123893805,0.5850711362307542,0.8530760349661883,1.0
0.8421052631578947,Almería,0.0,1.0,0.32,0.41666666666666663,0.6538461538461539,0.3661971830985915,0.7377049180327869,0.3125,0.32876712328767127,0.2956521739130435,0.19999999999999998,0.243801652892562,0.3253012048192776,0.2738095238095237,0.6153846153846153,0.5348837209302326,0.0,0.47619047619047616,0.27272727272727276,0.39999999999999997,0.4444444444444445,0.4545454545454546,0.5384615384615385,0.5,0.5384615384615384,0.4,0.375,0.026086956521739132,0.8771929824561403,0.1384796205347773,0.9035087719298245,0.8771929824561403,0.0,0.6666666666666666,0.4534883720930234,0.4482758620689655,0.5219206680584552,0.2272727272727273,0.6106194690265486,0.18100435262781783,0.7532904502721425,0.9090909090909065
0.894736842105263,Valladolid,0.0,1.0,0.32,0.33333333333333326,0.6923076923076922,0.1408450704225352,0.7049180327868853,0.1875,0.3150684931506849,0.19130434782608696,0.19999999999999998,0.19008264462809904,0.2409638554216862,0.1785714285714286,0.5384615384615387,0.41860465116279066,0.0,0.38095238095238093,0.18181818181818182,0.3,0.3333333333333333,0.2727272727272728,0.46153846153846156,0.4285714285714285,0.46153846153846156,0.4,0.375,0.9391304347826087,0.7017543859649122,0.015237375645384712,0.7719298245614035,0.7017543859649122,0.0,0.7222222222222222,0.6627906976744188,0.6206896551724138,0.6784968684759917,0.3181818181818182,0.3893805309734513,0.30166959007341,0.7617845950849415,1.0
0.9473684210526316,Espanyol,0.0,1.0,0.2,0.8333333333333333,0.5769230769230768,0.4084507042253521,0.8032786885245903,0.3035714285714286,0.27397260273972607,0.48695652173913045,0.16,0.3181818181818182,0.379518072289156,0.3452380952380951,0.6923076923076924,0.6511627906976745,0.3333333333333333,0.5714285714285714,0.3636363636363637,0.45,0.5,0.5,0.6153846153846154,0.5714285714285714,0.6153846153846155,0.4,0.375,0.28695652173913044,0.7105263157894737,0.029845107669059314,0.24561403508771928,0.7105263157894737,0.0,0.7777777777777777,0.5581395348837213,0.27586206896551724,0.2546972860125261,0.13636363636363635,0.6283185840707964,0.4690443708179043,0.7621969322117763,1.0
1.0,Elche,0.0,1.0,0.08000000000000002,0.5833333333333333,0.8076923076923075,0.09859154929577463,0.7704918032786886,0.125,0.1095890410958904,0.7565217391304347,0.07999999999999999,0.13636363636363627,0.1626506024096388,0.11904761904761907,0.46153846153846156,0.37209302325581395,0.0,0.2857142857142857,0.09090909090909093,0.25000000000000006,0.27777777777777773,0.2272727272727273,0.3846153846153846,0.3571428571428571,0.3846153846153847,0.4,0.375,0.26956521739130435,0.2807017543859649,0.06413969693153675,0.3157894736842105,0.2807017543859649,0.0,0.5,0.6976744186046514,0.1724137931034483,0.24634655532359082,0.0,0.4690265486725664,0.3506528941726759,0.7618670625103084,0.818181818181813
0.0,Paris Saint-Germain,0.0,1.0,0.9600000000000001,0.08333333333333331,0.1923076923076923,0.9295774647887325,0.3278688524590164,0.8928571428571428,0.9315068493150684,0.5304347826086957,0.5599999999999999,0.3491735537190082,0.9337349397590362,0.9523809523809526,0.8461538461538463,0.6511627906976745,0.3333333333333333,0.47619047619047616,0.3636363636363637,0.9500000000000002,0.9444444444444444,0.9545454545454546,0.8461538461538463,0.8571428571428572,0.8461538461538461,0.6000000000000001,1.0,0.6782608695652174,0.6052631578947368,0.024346220039457668,0.4122807017543859,0.6052631578947368,0.14285714285714285,0.6666666666666666,0.2790697674418602,0.5172413793103449,0.6085594989561587,0.7727272727272727,0.5929203539823009,0.5740661339569935,0.39630545934355926,1.0
0.05263157894736842,Lens,0.0,1.0,0.88,0.5,0.07692307692307691,0.6338028169014085,0.14754098360655737,0.8035714285714286,0.9178082191780821,0.5565217391304348,0.6799999999999999,0.3491735537190082,0.6746987951807233,0.6428571428571428,0.7692307692307696,0.6046511627906976,0.0,0.4285714285714286,0.27272727272727276,0.8500000000000001,0.8333333333333335,0.8636363636363638,0.7692307692307694,0.7857142857142856,0.7692307692307693,0.6000000000000001,0.5899999999999999,0.5043478260869565,0.6140350877192982,0.034546446711161485,0.7192982456140351,0.6140350877192982,0.14285714285714285,0.7222222222222222,0.6395348837209304,0.5862068965517241,0.6388308977035492,0.4545454545454546,0.7522123893805309,0.4394594945754564,1.0,1.0
0.10526315789473684,Marseille,0.0,1.0,0.76,0.33333333333333326,0.26923076923076916,0.619718309859155,0.3278688524590164,0.6964285714285714,0.7671232876712328,0.052173913043478265,0.52,0.3491735537190082,0.7650602409638552,0.6785714285714286,0.9230769230769234,0.7674418604651163,0.6666666666666667,0.5714285714285714,0.3636363636363637,0.9000000000000001,0.8888888888888891,0.9090909090909092,0.9230769230769231,0.9285714285714286,0.923076923076923,0.6000000000000001,0.7149999999999999,0.5826086956521739,0.5964912280701754,0.010116274188809133,0.6842105263157894,0.5964912280701754,0.14285714285714285,0.75,0.6162790697674423,0.7586206896551724,0.8068893528183716,0.6363636363636364,0.584070796460177,0.8184759306178133,0.726571004453241,1.0
0.15789473684210525,Rennes,0.0,1.0,0.72,0.16666666666666663,0.3846153846153845,0.647887323943662,0.3114754098360656,0.7232142857142857,0.6986301369863013,0.06086956521739131,0.48000000000000004,0.3491735537190082,0.6987951807228914,0.6190476190476191,0.8461538461538463,0.6976744186046511,0.3333333333333333,0.5238095238095237,0.27272727272727276,0.8,0.7777777777777779,0.8181818181818181,0.8461538461538463,0.8571428571428572,0.8461538461538461,0.6000000000000001,0.6350000000000002,0.7478260869565218,0.9385964912280701,0.05960626285522395,0.49122807017543857,0.9385964912280701,0.14285714285714285,0.8333333333333333,0.2674418604651164,0.5172413793103449,0.47807933194154495,0.2272727272727273,0.8407079646017699,0.26765412849996756,0.7668810819726208,0.0
0.21052631578947367,Lille,0.0,1.0,0.64,0.5833333333333333,0.26923076923076916,0.5915492957746479,0.39344262295081966,0.6428571428571428,0.6849315068493149,0.4782608695652174,0.44,0.3491735537190082,0.6325301204819276,0.5952380952380953,0.7692307692307696,0.6511627906976745,0.0,0.47619047619047616,0.27272727272727276,0.75,0.7222222222222223,0.7727272727272727,0.7692307692307694,0.7857142857142856,0.7692307692307693,0.6000000000000001,0.5600000000000005,0.5130434782608696,0.5087719298245614,0.04529236452168073,0.6052631578947368,0.5087719298245614,0.14285714285714285,0.7222222222222222,0.6860465116279072,0.6206896551724138,0.6784968684759917,0.5454545454545454,0.20353982300884954,0.5948937828883258,0.8872175490681181,1.0
0.2631578947368421,Monaco,0.0,1.0,0.64,0.41666666666666663,0.34615384615384615,0.6619718309859155,0.6229508196721312,0.5625,0.6575342465753424,0.9739130434782609,0.36000000000000004,0.3491735537190082,0.6626506024096388,0.6309523809523809,0.8461538461538463,0.7674418604651163,0.6666666666666667,0.5714285714285714,0.3636363636363637,0.8500000000000001,0.8333333333333335,0.8636363636363638,0.8461538461538463,0.8571428571428572,0.8461538461538461,0.6000000000000001,0.6150000000000002,0.591304347826087,0.07894736842105263,0.006674222390127188,0.08771929824561403,0.07894736842105263,0.14285714285714285,0.7222222222222222,0.3488372093023255,0.896551724137931,1.0,0.5454545454545454,0.7876106194690266,0.18352497888650685,0.6224971136401122,1.0
0.3157894736842105,Lyon,0.0,1.0,0.6,0.41666666666666663,0.3846153846153845,0.5915492957746479,0.4426229508196722,0.6160714285714286,0.6164383561643836,0.034782608695652174,0.4,0.3491735537190082,0.7108433734939759,0.6547619047619049,0.9230769230769234,0.8372093023255813,0.6666666666666667,0.6190476190476191,0.3636363636363637,0.9000000000000001,0.8888888888888891,0.9090909090909092,0.9230769230769231,0.9285714285714286,0.923076923076923,0.6000000000000001,0.6550000000000002,0.5391304347826087,0.587719298245614,0.04357133862233976,0.6754385964912281,0.587719298245614,0.14285714285714285,0.6388888888888888,0.6162790697674423,0.5517241379310345,0.6826722338204593,0.5454545454545454,0.35398230088495575,0.7118300526213214,0.49553026554510965,1.0
0.3684210526315789,Clermont Foot,0.0,1.0,0.56,0.41666666666666663,0.42307692307692296,0.3098591549295775,0.47540983606557374,0.41964285714285715,0.5753424657534245,0.7130434782608696,0.36000000000000004,0.3491735537190082,0.379518072289156,0.3452380952380951,0.6153846153846153,0.5348837209302326,0.0,0.38095238095238093,0.27272727272727276,0.5,0.5555555555555556,0.5454545454545454,0.6923076923076923,0.7142857142857142,0.6923076923076924,0.6000000000000001,0.3200000000000003,0.22608695652173913,0.21052631578947367,0.14779834613608697,0.21052631578947367,0.21052631578947367,0.14285714285714285,0.8333333333333333,0.3023255813953486,0.6206896551724138,0.5824634655532359,0.2272727272727273,0.7787610619469026,0.08315468069901902,0.771763153554346,0.9090909090909065
0.42105263157894735,Nice,0.0,1.0,0.48,0.8333333333333333,0.30769230769230765,0.352112676056338,0.2786885245901639,0.5535714285714286,0.5616438356164384,0.3739130434782609,0.52,0.3491735537190082,0.5783132530120474,0.4642857142857142,0.6923076923076924,0.6046511627906976,0.3333333333333333,0.4285714285714286,0.27272727272727276,0.6000000000000001,0.6111111111111112,0.6363636363636365,0.6153846153846154,0.6428571428571428,0.6153846153846155,0.6000000000000001,0.4900000000000002,0.6521739130434783,0.5789473684210527,0.017378163959199094,0.6666666666666666,0.5789473684210527,0.14285714285714285,0.75,0.569767441860465,0.5862068965517241,0.6137787056367432,0.5454545454545454,0.05309734513274336,0.41288897550834797,0.7694540656440706,1.0
0.47368421052631576,Lorient,0.0,1.0,0.48,0.5833333333333333,0.42307692307692296,0.4084507042253521,0.5409836065573771,0.4464285714285714,0.5205479452054793,0.8956521739130435,0.32,0.3491735537190082,0.5060240963855422,0.41666666666666674,0.6153846153846153,0.5348837209302326,0.0,0.38095238095238093,0.27272727272727276,0.55,0.5555555555555556,0.5909090909090908,0.6923076923076923,0.7142857142857142,0.6923076923076924,0.6000000000000001,0.41500000000000004,0.5304347826086957,0.3333333333333333,0.048482558871678634,0.39473684210526316,0.3333333333333333,0.14285714285714285,0.8333333333333333,0.4302325581395349,0.5862068965517241,0.5480167014613779,0.36363636363636365,0.8495575221238938,0.1609432859091795,0.7744021111660894,0.9090909090909065
0.5263157894736843,Reims,0.0,1.0,0.36,1.0,0.34615384615384615,0.3098591549295775,0.4098360655737705,0.45535714285714285,0.46575342465753417,0.34782608695652173,0.36000000000000004,0.3491735537190082,0.5,0.38095238095238093,0.6923076923076924,0.6046511627906976,0.3333333333333333,0.4285714285714286,0.27272727272727276,0.55,0.5555555555555556,0.5909090909090908,0.6923076923076923,0.7142857142857142,0.6923076923076924,0.6000000000000001,0.38500000000000023,0.7391304347826088,0.8245614035087718,0.05952231037232926,0.8684210526315789,0.8245614035087718,0.14285714285714285,0.6944444444444444,0.4069767441860465,0.6551724137931034,0.7494780793319415,0.36363636363636365,0.7433628318584071,0.20943285909179496,0.8883720930232558,1.0
0.5789473684210527,Montpellier,0.0,1.0,0.48,0.16666666666666663,0.6153846153846153,0.5915492957746479,0.6885245901639344,0.48214285714285715,0.4520547945205479,0.30434782608695654,0.28,0.3491735537190082,0.4277108433734931,0.41666666666666674,0.7692307692307696,0.6511627906976745,0.3333333333333333,0.47619047619047616,0.27272727272727276,0.6000000000000001,0.6111111111111112,0.6363636363636365,0.7692307692307694,0.7857142857142856,0.7692307692307693,0.6000000000000001,0.3650000000000002,0.6,0.5438596491228069,0.04054904923813122,0.631578947368421,0.5438596491228069,0.14285714285714285,0.6944444444444444,0.6279069767441862,0.5172413793103449,0.5824634655532359,0.2727272727272727,0.831858407079646,0.22867537192230233,0.8476331848919677,1.0
0.631578947368421,Toulouse,0.0,1.0,0.4,0.5,0.5384615384615384,0.3943661971830986,0.6065573770491803,0.4017857142857143,0.4246575342465753,0.9043478260869565,0.24000000000000002,0.3491735537190082,0.379518072289156,0.3452380952380951,0.6153846153846153,0.5348837209302326,0.0,0.38095238095238093,0.27272727272727276,0.5,0.5,0.5454545454545454,0.6153846153846154,0.6428571428571428,0.6153846153846155,0.6000000000000001,0.3200000000000003,0.8956521739130435,0.8508771929824561,0.017294211476304413,0.4473684210526315,0.8508771929824561,0.14285714285714285,0.6944444444444444,0.4186046511627907,0.5862068965517241,0.6659707724425887,0.4545454545454546,0.9026548672566371,0.3735464172026246,0.9162460827972951,1.0
0.6842105263157894,Brest,0.0,1.0,0.32,0.6666666666666666,0.5384615384615384,0.295774647887324,0.5573770491803279,0.3660714285714286,0.3698630136986301,0.3565217391304348,0.19999999999999998,0.3491735537190082,0.36746987951807153,0.2857142857142856,0.5384615384615387,0.41860465116279066,0.0,0.33333333333333326,0.18181818181818182,0.39999999999999997,0.4444444444444445,0.4545454545454546,0.5384615384615385,0.5,0.5384615384615384,0.6000000000000001,0.25,0.19130434782608696,0.8157894736842105,0.16404315157620786,0.8596491228070176,0.8157894736842105,0.14285714285714285,0.75,0.6511627906976746,0.3793103448275862,0.3810020876826723,0.2272727272727273,0.7610619469026548,0.14058338205677906,0.7394359228104899,1.0
0.736842105263158,Strasbourg,0.0,1.0,0.24,0.8333333333333333,0.5384615384615384,0.3943661971830986,0.639344262295082,0.3839285714285714,0.3150684931506849,0.4,0.16,0.3491735537190082,0.4216867469879517,0.3571428571428572,0.6153846153846153,0.5348837209302326,0.0,0.38095238095238093,0.27272727272727276,0.45,0.5,0.5,0.6153846153846154,0.5714285714285714,0.6153846153846155,0.6000000000000001,0.33000000000000007,0.8608695652173913,0.6228070175438596,0.027872224321034297,0.7280701754385964,0.6228070175438596,0.14285714285714285,0.7222222222222222,0.16279069767441853,0.6206896551724138,0.6784968684759917,0.3181818181818182,0.8230088495575221,0.28206327551484445,0.5758205508824015,1.0
0.7894736842105263,Nantes,0.0,1.0,0.16000000000000003,1.0,0.5384615384615384,0.19718309859154926,0.5737704918032787,0.29464285714285715,0.2602739726027397,0.5652173913043478,0.19999999999999998,0.3491735537190082,0.26506024096385516,0.20238095238095233,0.46153846153846156,0.37209302325581395,0.0,0.2857142857142857,0.09090909090909093,0.25000000000000006,0.27777777777777773,0.2272727272727273,0.3846153846153846,0.3571428571428571,0.3846153846153847,0.6000000000000001,0.2100000000000004,0.6173913043478261,0.40350877192982454,0.04164043151576208,0.40350877192982454,0.40350877192982454,0.14285714285714285,0.7222222222222222,0.674418604651163,0.4482758620689655,0.47807933194154495,0.36363636363636365,0.8141592920353982,0.40176703696485416,0.7620319973610424,1.0
0.8421052631578947,Auxerre,0.0,1.0,0.2,0.6666666666666666,0.6538461538461539,0.16901408450704225,0.7049180327868853,0.20535714285714285,0.2465753424657534,0.5826086956521739,0.16,0.3491735537190082,0.19879518072289137,0.16666666666666652,0.3846153846153849,0.3023255813953488,0.0,0.23809523809523808,0.09090909090909093,0.2,0.22222222222222227,0.18181818181818188,0.3076923076923077,0.2857142857142857,0.3076923076923077,0.6000000000000001,0.13500000000000023,0.10434782608695653,0.07017543859649122,0.012047181295386811,0.06140350877192982,0.07017543859649122,0.14285714285714285,0.7777777777777777,0.4651162790697676,0.5862068965517241,0.5897703549060543,0.4090909090909091,0.7964601769911505,0.18373286558825438,0.7618670625103084,1.0
0.894736842105263,Ajaccio,0.0,1.0,0.16000000000000003,0.16666666666666663,0.9230769230769229,0.0,0.8852459016393442,0.0,0.1232876712328767,0.6956521739130435,0.12,0.3491735537190082,0.12650602409638534,0.11904761904761907,0.23076923076923067,0.18604651162790697,0.0,0.14285714285714285,0.09090909090909093,0.10000000000000003,0.1111111111111111,0.09090909090909094,0.15384615384615385,0.1428571428571428,0.15384615384615385,0.6000000000000001,0.06999999999999984,0.008695652173913044,0.02631578947368421,0.04802082021575788,0.02631578947368421,0.02631578947368421,0.14285714285714285,0.6666666666666666,0.7209302325581398,0.3793103448275862,0.4342379958246346,0.2727272727272727,0.7699115044247787,0.07855518742285453,0.7585683654956292,0.818181818181813
0.9473684210526316,Troyes,0.0,1.0,0.04000000000000001,0.75,0.7692307692307692,0.3098591549295775,1.0,0.13392857142857145,0.0958904109589041,0.6,0.07999999999999999,0.3491735537190082,0.1626506024096388,0.1428571428571428,0.30769230769230776,0.2558139534883721,0.0,0.19047619047619047,0.09090909090909093,0.14999999999999997,0.16666666666666669,0.13636363636363646,0.23076923076923084,0.2142857142857143,0.23076923076923073,0.6000000000000001,0.10000000000000009,0.9043478260869565,0.2543859649122807,0.04583805566049616,0.23684210526315788,0.2543859649122807,0.14285714285714285,0.8055555555555555,0.20930232558139536,0.5517241379310345,0.5521920668058455,0.2272727272727273,0.8053097345132744,0.22707724290261808,0.7585683654956292,0.818181818181813
1.0,Angers,0.0,1.0,0.04000000000000001,0.25,1.0,0.1408450704225352,1.0,0.0267857142857143,0.0136986301369863,0.008695652173913044,0.04,0.3491735537190082,0.07831325301204739,0.04761904761904745,0.15384615384615377,0.13953488372093026,0.0,0.09523809523809523,0.0,0.04999999999999999,0.055555555555555525,0.045454545454545525,0.07692307692307693,0.0714285714285714,0.07692307692307698,0.6000000000000001,0.0,0.034782608695652174,0.631578947368421,0.005079125215128238,0.5350877192982456,0.631578947368421,1.0,0.6944444444444444,0.5581395348837213,0.7241379310344828,0.8329853862212944,0.4545454545454546,0.37168141592920356,0.6053011108945625,0.7126834900214415,1.0
0.0,Manchester City,0.0,1.0,1.0,0.16666666666666663,0.11538461538461536,1.0,0.21311475409836067,1.0,0.9863013698630136,0.33043478260869563,0.72,0.9628099173553717,0.9457831325301207,0.9523809523809526,0.6923076923076924,0.5348837209302326,0.0,0.2857142857142857,0.3636363636363637,0.75,0.6666666666666667,0.7727272727272727,0.9230769230769231,0.9285714285714286,0.923076923076923,0.8,0.375,0.5652173913043478,0.5263157894736842,0.011669395122360744,0.6140350877192982,0.5263157894736842,0.2857142857142857,0.7777777777777777,0.6279069767441862,0.7241379310344828,0.7390396659707724,0.9545454545454546,0.25663716814159293,0.6587020074059637,0.4221012699983506,1.0
0.05263157894736842,Arsenal,0.0,1.0,0.92,0.25,0.15384615384615383,0.915492957746479,0.3770491803278688,0.8571428571428571,0.9178082191780821,0.6521739130434783,0.52,0.7066115702479338,0.7349397590361448,0.7619047619047619,0.8461538461538463,0.6511627906976745,0.3333333333333333,0.5238095238095237,0.27272727272727276,0.6500000000000001,0.7777777777777779,0.6818181818181819,1.0,0.8571428571428572,0.8461538461538461,0.8,0.375,0.043478260869565216,0.05263157894736842,0.15640347563279183,0.07894736842105263,0.05263157894736842,0.8571428571428571,0.75,0.7093023255813952,0.06896551724137931,0.03340292275574113,0.045454545454545456,0.08849557522123894,0.1928279087897096,0.7645060201220518,0.7272727272727195
0.10526315789473684,Manchester United,0.0,1.0,0.8,0.25,0.26923076923076916,0.49295774647887325,0.3770491803278688,0.5892857142857143,0.7945205479452053,0.6173913043478261,0.64,0.49586776859504134,0.6024096385542173,0.5476190476190477,0.9000000000000004,0.9534883720930232,0.6666666666666667,1.0,0.3636363636363637,0.7000000000000002,0.7222222222222223,0.7272727272727273,0.8461538461538463,1.0,1.0,0.8,0.375,0.5739130434782609,0.5350877192982456,0.04122066910128867,0.6228070175438596,0.5350877192982456,0.2857142857142857,0.7222222222222222,0.5930232558139534,0.6206896551724138,0.6784968684759917,0.8636363636363636,0.5398230088495575,0.9157279282790879,0.2858650832920996,1.0
0.15789473684210525,Newcastle United,0.0,1.0,0.64,0.9166666666666665,0.11538461538461536,0.6338028169014085,0.21311475409836067,0.7678571428571428,0.7397260273972601,0.1565217391304348,0.5599999999999999,0.47933884297520624,0.5361445783132535,0.48809523809523814,0.7692307692307696,0.7674418604651163,0.3333333333333333,0.7619047619047619,0.4545454545454546,0.6000000000000001,0.6111111111111112,0.6363636363636365,0.7692307692307694,0.7857142857142856,0.7692307692307693,0.8,0.375,0.6434782608695653,0.5526315789473684,0.03185996725853167,0.6491228070175439,0.5526315789473684,0.2857142857142857,0.75,0.8604651162790699,0.3793103448275862,0.3810020876826723,0.5909090909090909,0.7256637168141593,0.6218151107646332,0.8289955467590302,1.0
0.21052631578947367,Liverpool,0.0,1.0,0.64,0.5833333333333333,0.26923076923076916,0.732394366197183,0.4426229508196722,0.7053571428571428,0.6849315068493149,0.6869565217391305,0.44,0.677685950413223,0.6506024096385543,0.7023809523809523,0.6153846153846153,0.6046511627906976,0.0,0.6666666666666666,0.18181818181818182,0.8,0.8333333333333335,0.8181818181818181,1.0,0.9285714285714286,0.923076923076923,0.8,0.375,0.5217391304347826,0.5175438596491228,0.0011753347605255424,0.38596491228070173,0.5175438596491228,0.2857142857142857,0.6944444444444444,0.6162790697674423,0.6206896551724138,0.7077244258872651,1.0,0.07079646017699115,0.7389852530370948,0.7750618505690252,1.0
0.2631578947368421,Brighton,0.0,1.0,0.6,0.41666666666666663,0.3846153846153845,0.6901408450704225,0.5409836065573771,0.625,0.6164383561643836,0.043478260869565216,0.44,0.6983471074380166,0.6626506024096388,0.5952380952380953,0.8076923076923079,0.6976744186046511,0.0,0.47619047619047616,0.27272727272727276,0.6500000000000001,0.7222222222222223,0.6818181818181819,0.9230769230769231,0.8571428571428572,0.8461538461538461,0.8,0.375,0.2,0.18421052631578946,0.051798681946018554,0.17543859649122806,0.18421052631578946,0.2857142857142857,0.7777777777777777,0.569767441860465,0.6896551724137931,0.7014613778705637,0.7727272727272727,0.008849557522123894,0.3569934385759761,0.0,1.0
0.3157894736842105,Aston Villa,0.0,1.0,0.6,0.33333333333333326,0.42307692307692296,0.3943661971830986,0.42622950819672134,0.5,0.6027397260273972,0.7391304347826088,0.48000000000000004,0.37190082644628114,0.4698795180722888,0.44047619047619047,0.884615384615385,0.8372093023255813,0.3333333333333333,0.5714285714285714,0.3636363636363637,0.6000000000000001,0.6388888888888891,0.5909090909090908,0.8461538461538463,0.7857142857142856,0.7692307692307693,0.8,0.375,0.06086956521739131,0.11403508771929824,0.016874449061831005,0.10526315789473684,0.11403508771929824,0.2857142857142857,0.6666666666666666,0.7441860465116282,0.5517241379310345,0.6524008350730689,0.6818181818181819,0.9557522123893805,0.5004612486195024,0.9003133762163945,1.0
0.3684210526315789,Tottenham Hotspur,0.0,1.0,0.6,0.25,0.4615384615384615,0.6619718309859155,0.7049180327868853,0.5178571428571428,0.5890410958904109,0.40869565217391307,0.36000000000000004,0.5578512396694214,0.5843373493975905,0.6309523809523809,1.0,0.8837209302325582,0.6666666666666667,0.7619047619047619,0.18181818181818182,0.7000000000000002,0.7777777777777779,0.7272727272727273,1.0,0.9285714285714286,0.923076923076923,0.8,0.375,0.8869565217391304,0.8421052631578947,0.006086555009864417,0.8859649122807017,0.8421052631578947,0.2857142857142857,0.8333333333333333,0.488372093023256,0.7241379310344828,0.6868475991649269,0.8181818181818182,0.9292035398230089,0.7594361073215098,0.362559788883391,1.0
0.42105263157894735,Brentford,0.0,1.0,0.48,0.9166666666666665,0.26923076923076916,0.49295774647887325,0.42622950819672134,0.5625,0.5753424657534245,0.43478260869565216,0.4,0.35537190082644604,0.4277108433734931,0.41666666666666674,0.7307692307692307,0.7674418604651163,0.3333333333333333,0.38095238095238093,0.27272727272727276,0.55,0.5833333333333335,0.5454545454545454,0.7692307692307694,0.7142857142857142,0.6923076923076924,0.8,0.375,0.1826086956521739,0.17543859649122806,0.04806279645720522,0.2894736842105263,0.17543859649122806,0.2857142857142857,0.7222222222222222,0.4651162790697676,0.7241379310344828,0.7995824634655532,0.5454545454545454,0.36283185840707965,0.16695900734099914,0.6797295068447963,1.0
0.47368421052631576,Fulham,0.0,1.0,0.48,0.33333333333333326,0.5384615384615384,0.45070422535211263,0.5409836065573771,0.4732142857142857,0.4794520547945205,0.017391304347826087,0.36000000000000004,0.3016528925619835,0.379518072289156,0.36904761904761907,0.8461538461538463,0.6511627906976745,0.0,0.5238095238095237,0.3636363636363637,0.5,0.5277777777777777,0.5,0.6923076923076923,0.6428571428571428,0.6153846153846155,0.8,0.375,0.391304347826087,0.42105263157894735,0.03895395206313227,0.3508771929824561,0.42105263157894735,0.2857142857142857,0.6944444444444444,0.8139534883720935,0.6896551724137931,0.791231732776618,0.4545454545454546,0.16814159292035397,0.32727863314493605,0.6835230084116773,1.0
0.5263157894736843,Crystal Palace,0.0,1.0,0.32,0.75,0.4999999999999999,0.23943661971830987,0.47540983606557374,0.375,0.3835616438356165,0.28695652173913044,0.32,0.2520661157024791,0.2951807228915664,0.2857142857142856,0.7692307692307696,0.6046511627906976,0.3333333333333333,0.6666666666666666,0.18181818181818182,0.45,0.5,0.4545454545454546,0.6153846153846154,0.5714285714285714,0.5384615384615384,0.8,0.375,0.24347826086956523,0.23684210526315788,0.0365193300591865,0.21929824561403508,0.23684210526315788,0.2857142857142857,0.75,0.5581395348837213,0.41379310344827586,0.4196242171189979,0.5454545454545454,0.7079646017699115,0.2739686870655493,0.7875968992248062,1.0
0.5789473684210527,Chelsea,0.0,1.0,0.32,0.6666666666666666,0.5384615384615384,0.21126760563380287,0.4426229508196722,0.375,0.3698630136986301,0.5043478260869565,0.28,0.5950413223140497,0.6385542168674698,0.4761904761904763,0.9230769230769234,0.8837209302325582,0.6666666666666667,0.857142857142857,0.4545454545454546,0.6000000000000001,0.6666666666666667,0.6363636363636365,0.8461538461538463,0.7857142857142856,0.7692307692307693,0.8,0.375,0.21739130434782608,0.19298245614035087,0.026361079628930025,0.3070175438596491,0.19298245614035087,0.2857142857142857,0.8333333333333333,0.2674418604651164,0.6206896551724138,0.5824634655532359,0.6363636363636364,0.911504424778761,0.4837393620476841,0.6031997361042388,1.0
0.631578947368421,Wolverhampton,0.0,1.0,0.32,0.41666666666666663,0.6538461538461539,0.11267605633802819,0.6229508196721312,0.2142857142857143,0.32876712328767127,0.21739130434782608,0.24000000000000002,0.23140495867768568,0.2409638554216862,0.23809523809523814,0.6923076923076924,0.5348837209302326,0.0,0.47619047619047616,0.27272727272727276,0.39999999999999997,0.4444444444444445,0.40909090909090917,0.5384615384615385,0.5,0.46153846153846156,0.8,0.375,1.0,1.0,0.022667170381564038,1.0,1.0,0.2857142857142857,0.861111111111111,0.5930232558139534,0.9310344827586207,0.8653444676409185,0.6818181818181819,0.5132743362831859,0.3553563307997142,0.731486063005113,1.0
0.6842105263157894,West Ham United,0.0,1.0,0.32,0.33333333333333326,0.6923076923076922,0.2676056338028169,0.5737704918032787,0.3392857142857143,0.3150684931506849,0.6608695652173913,0.28,0.2892561983471074,0.3373493975903612,0.3214285714285714,0.8076923076923079,0.6511627906976745,0.3333333333333333,0.5714285714285714,0.3636363636363637,0.45,0.5277777777777777,0.5,0.6923076923076923,0.6428571428571428,0.6153846153846155,0.8,0.375,0.9826086956521739,0.9912280701754386,0.015783066784200144,0.9912280701754386,0.9912280701754386,0.2857142857142857,0.75,0.8372093023255814,0.6206896551724138,0.6524008350730689,0.5909090909090909,0.4247787610619469,0.7548885857207822,0.43447138380339767,1.0
0.736842105263158,Bournemouth,0.0,1.0,0.32,0.25,0.7307692307692307,0.19718309859154926,0.8360655737704917,0.1517857142857143,0.30136986301369856,0.25217391304347825,0.19999999999999998,0.18595041322314046,0.19879518072289137,0.20238095238095233,0.6153846153846153,0.41860465116279066,0.0,0.38095238095238093,0.18181818181818182,0.35000000000000003,0.3888888888888889,0.31818181818181823,0.46153846153846156,0.4285714285714285,0.3846153846153847,0.8,0.375,0.17391304347826086,0.06140350877192982,0.041388574067078035,0.05263157894736842,0.06140350877192982,0.2857142857142857,0.6944444444444444,0.4186046511627907,0.6206896551724138,0.7077244258872651,0.6818181818181819,0.9646017699115044,0.08974209056064444,0.5580405739732806,1.0
0.7894736842105263,Nottingham Forest,0.0,1.0,0.24,0.6666666666666666,0.6153846153846153,0.21126760563380287,0.7868852459016394,0.1875,0.2876712328767123,0.8869565217391304,0.19999999999999998,0.13636363636363627,0.10240963855421725,0.15476190476190466,0.6538461538461541,0.7674418604651163,0.3333333333333333,0.5238095238095237,1.0,0.3,0.3333333333333333,0.2727272727272728,0.6153846153846154,0.5,0.5384615384615384,0.8,0.375,0.6608695652173913,0.5701754385964912,0.029383369013138566,0.6578947368421052,0.5701754385964912,0.2857142857142857,0.6666666666666666,0.6860465116279072,0.6551724137931034,0.7828810020876827,0.5454545454545454,0.9203539823008849,0.33786786201520175,0.6965528616196602,1.0
0.8421052631578947,Everton,0.0,1.0,0.2,0.75,0.6153846153846153,0.15492957746478875,0.6065573770491803,0.25,0.2602739726027397,0.2782608695652174,0.24000000000000002,0.10743801652892529,0.0662650602409629,0.11904761904761907,0.7692307692307696,0.8837209302325582,0.6666666666666667,0.6666666666666666,0.3636363636363637,0.25000000000000006,0.27777777777777773,0.2272727272727273,0.5384615384615385,0.4285714285714285,0.46153846153846156,0.8,0.375,0.2956521739130435,0.2982456140350877,0.0010913822776308611,0.3421052631578947,0.2982456140350877,0.2857142857142857,0.6944444444444444,0.7674418604651162,0.5172413793103449,0.5824634655532359,0.5,0.34513274336283184,0.45493406093678945,0.8689097806366486,1.0
0.894736842105263,Leicester City,0.0,1.0,0.24,0.33333333333333326,0.7692307692307692,0.3943661971830986,0.7868852459016394,0.3035714285714286,0.2328767123287671,0.45217391304347826,0.16,0.3264462809917353,0.28915662650602414,0.30952380952380953,0.8461538461538463,1.0,1.0,0.7619047619047619,0.4545454545454546,0.35000000000000003,0.3888888888888889,0.31818181818181823,0.6923076923076923,0.5714285714285714,0.6153846153846155,0.8,0.375,0.4956521739130435,0.5,0.04197624144734081,0.5964912280701754,0.5,0.2857142857142857,0.8055555555555555,0.6511627906976746,0.7241379310344828,0.7118997912317329,0.6818181818181819,0.39823008849557523,0.361969726499058,0.6206828302820386,1.0
0.9473684210526316,Leeds United,0.0,1.0,0.16000000000000003,0.5833333333333333,0.7307692307692307,0.352112676056338,0.9508196721311476,0.1875,0.1917808219178082,0.8347826086956522,0.12,0.26446280991735543,0.2590361445783129,0.26190476190476186,0.7307692307692307,0.6511627906976745,0.3333333333333333,0.5714285714285714,0.27272727272727276,0.39999999999999997,0.4444444444444445,0.36363636363636365,0.7692307692307694,0.6428571428571428,0.6923076923076924,0.8,0.375,0.48695652173913045,0.49122807017543857,0.01662259161314696,0.587719298245614,0.49122807017543857,0.2857142857142857,0.75,0.3837209302325581,0.6206896551724138,0.6524008350730689,0.4090909090909091,0.23893805309734512,0.4351328525953356,0.7616361537192808,0.818181818181813
1.0,Southampton,0.0,1.0,0.12,0.33333333333333326,0.8846153846153844,0.18309859154929575,0.8688524590163934,0.125,0.1095890410958904,0.4608695652173913,0.07999999999999999,0.20661157024793392,0.18072289156626464,0.1785714285714286,0.6153846153846153,0.5348837209302326,0.0,0.47619047619047616,0.18181818181818182,0.2,0.22222222222222227,0.18181818181818188,0.46153846153846156,0.3571428571428571,0.3846153846153847,0.8,0.375,0.8347826086956522,0.763157894736842,0.007429794736179323,0.43859649122807015,0.763157894736842,0.2857142857142857,0.8333333333333333,0.5581395348837213,0.5862068965517241,0.5480167014613779,0.4545454545454546,0.7345132743362832,0.3635938413564607,0.4928253339930727,1.0
0.0,Napoli,0.0,1.0,1.0,0.25,0.07692307692307691,0.7605633802816902,0.13114754098360654,0.8928571428571428,1.0,0.9478260869565217,0.6799999999999999,0.6404958677685951,0.7710843373493974,0.7619047619047619,0.6923076923076924,0.5348837209302326,0.0,0.38095238095238093,0.3636363636363637,0.8500000000000001,0.8888888888888891,0.8636363636363638,0.7692307692307694,0.7857142857142856,0.7692307692307693,1.0,0.375,0.6260869565217392,0.7456140350877193,0.2599168870419343,0.8508771929824561,0.7456140350877193,0.42857142857142855,0.6944444444444444,0.7790697674418608,0.48275862068965514,0.5407098121085595,0.6363636363636364,0.22123893805309736,0.6538816345091925,0.5309582714827643,1.0
0.05263157894736842,Lazio,0.0,1.0,0.76,0.41666666666666663,0.23076923076923073,0.5211267605633803,0.1639344262295082,0.7232142857142857,0.7808219178082192,0.17391304347826086,0.7999999999999999,0.5041322314049584,0.6746987951807233,0.5952380952380953,0.7692307692307696,0.6046511627906976,0.0,0.47619047619047616,0.27272727272727276,0.75,0.7777777777777779,0.7727272727272727,0.8461538461538463,0.8571428571428572,0.8461538461538461,1.0,0.375,0.46956521739130436,0.7543859649122806,0.01658061537169962,0.5789473684210527,0.7543859649122806,0.42857142857142855,0.861111111111111,0.5930232558139534,0.7586206896551724,0.697286012526096,0.5909090909090909,0.5575221238938053,0.8605729877216917,0.6665347187860795,1.0
0.10526315789473684,Inter Milan,0.0,1.0,0.8,0.0,0.3846153846153845,0.676056338028169,0.360655737704918,0.7142857142857142,0.7534246575342465,0.5391304347826087,0.52,0.6033057851239668,0.7048192771084336,0.6785714285714286,0.8461538461538463,0.7674418604651163,0.6666666666666667,0.5714285714285714,0.3636363636363637,0.8,0.8333333333333335,0.8181818181818181,0.9230769230769231,0.9285714285714286,0.923076923076923,1.0,0.375,0.45217391304347826,0.3771929824561403,0.0018049783822356546,0.5614035087719298,0.3771929824561403,0.42857142857142855,0.6944444444444444,0.9418604651162794,0.6206896551724138,0.7077244258872651,0.8181818181818182,0.3274336283185841,0.9292925355681154,0.508164275111331,1.0
0.15789473684210525,AC Milan,0.0,1.0,0.68,0.5833333333333333,0.23076923076923073,0.5774647887323944,0.3770491803278688,0.6428571428571428,0.726027397260274,0.7304347826086957,0.44,0.5371900826446282,0.6385542168674698,0.6071428571428572,0.7692307692307696,0.6511627906976745,0.3333333333333333,0.5238095238095237,0.27272727272727276,0.7000000000000002,0.7222222222222223,0.7272727272727273,0.8461538461538463,0.8571428571428572,0.8461538461538461,1.0,0.375,0.0,0.3771929824561403,0.0018049783822356546,0.5614035087719298,0.3771929824561403,0.42857142857142855,0.6944444444444444,0.9418604651162794,0.6206896551724138,0.7077244258872651,0.8181818181818182,0.3274336283185841,0.9292925355681154,0.508164275111331,1.0
0.21052631578947367,Atalanta,0.0,1.0,0.64,0.33333333333333326,0.3846153846153845,0.6056338028169014,0.4590163934426229,0.6160714285714286,0.6438356164383561,0.0,0.4,0.47933884297520624,0.6024096385542173,0.5476190476190477,0.6923076923076924,0.6046511627906976,0.3333333333333333,0.4285714285714286,0.27272727272727276,0.6500000000000001,0.6666666666666667,0.6818181818181819,0.7692307692307694,0.7857142857142856,0.7692307692307693,1.0,0.375,0.06956521739130435,0.12280701754385964,0.03345506443353062,0.11403508771929824,0.12280701754385964,0.42857142857142855,0.7222222222222222,0.7441860465116282,0.48275862068965514,0.5177453027139874,0.8181818181818182,0.30973451327433627,0.26700448255700643,0.7963384463137061,1.0
0.2631578947368421,AS Roma,0.0,1.0,0.6,0.5,0.34615384615384615,0.3802816901408451,0.29508196721311475,0.5625,0.6301369863013697,0.7478260869565218,0.5599999999999999,0.42975206611570227,0.5662650602409638,0.4761904761904763,0.6153846153846153,0.5348837209302326,0.0,0.38095238095238093,0.27272727272727276,0.6000000000000001,0.6111111111111112,0.6363636363636365,0.6923076923076923,0.7142857142857142,0.6923076923076924,1.0,0.375,0.052173913043478265,0.10526315789473684,0.0003777861730260673,0.09649122807017543,0.10526315789473684,0.42857142857142855,0.7222222222222222,0.5813953488372097,0.6206896551724138,0.6784968684759917,0.7727272727272727,0.5575221238938053,0.8605729877216917,0.5048985650667985,1.0
0.3157894736842105,Juventus,0.0,1.0,0.76,0.25,0.30769230769230765,0.46478873239436624,0.21311475409836067,0.6607142857142857,0.6164383561643836,0.26956521739130435,0.6,0.4917355371900828,0.6325301204819276,0.5238095238095237,0.8461538461538463,0.7674418604651163,0.6666666666666667,0.6190476190476191,0.3636363636363637,0.75,0.7777777777777779,0.7727272727272727,0.8461538461538463,0.8571428571428572,0.8461538461538461,1.0,0.375,0.4608695652173913,0.48245614035087714,0.021114049448012425,0.5701754385964912,0.48245614035087714,0.42857142857142855,0.75,0.47674418604651136,0.6896551724137931,0.7296450939457202,0.8636363636363636,0.061946902654867256,0.48212824010914057,0.470262246412667,1.0
0.3684210526315789,Fiorentina,0.0,1.0,0.48,0.6666666666666666,0.3846153846153845,0.4225352112676056,0.3770491803278688,0.5446428571428571,0.5342465753424657,0.11304347826086956,0.36000000000000004,0.458677685950413,0.5783132530120474,0.4642857142857142,0.7692307692307696,0.6511627906976745,0.3333333333333333,0.47619047619047616,0.27272727272727276,0.6500000000000001,0.6666666666666667,0.6818181818181819,0.7692307692307694,0.7857142857142856,0.7692307692307693,1.0,0.375,0.3739130434782609,0.08771929824561403,0.017923855098014526,0.03508771929824561,0.08771929824561403,0.42857142857142855,0.6944444444444444,0.5348837209302324,0.3448275862068966,0.3736951983298539,0.4545454545454546,0.09734513274336283,0.5034366270382642,0.6531090219363351,1.0
0.42105263157894735,Bologna,0.0,1.0,0.44000000000000006,0.75,0.3846153846153845,0.4225352112676056,0.47540983606557374,0.49107142857142855,0.5068493150684932,0.6434782608695653,0.32,0.39669421487603296,0.5060240963855422,0.41666666666666674,0.6923076923076924,0.6046511627906976,0.0,0.4285714285714286,0.27272727272727276,0.55,0.5555555555555556,0.5909090909090908,0.6923076923076923,0.7142857142857142,0.6923076923076924,1.0,0.375,0.14782608695652175,0.14912280701754385,0.042899718759182304,0.2807017543859649,0.14912280701754385,0.42857142857142855,0.7777777777777777,0.5813953488372097,0.6551724137931034,0.6649269311064718,0.6363636363636364,0.8584070796460177,0.41657896446436693,0.9290120402441036,1.0
0.47368421052631576,Torino,0.0,1.0,0.44000000000000006,0.6666666666666666,0.42307692307692296,0.2676056338028169,0.34426229508196726,0.4642857142857143,0.4931506849315069,0.10434782608695653,0.4,0.34297520661156994,0.4277108433734931,0.3571428571428572,0.6153846153846153,0.5348837209302326,0.0,0.38095238095238093,0.18181818181818182,0.5,0.5,0.5454545454545454,0.6153846153846154,0.6428571428571428,0.6153846153846155,1.0,0.375,0.8782608695652174,0.8333333333333333,0.017336187717751753,0.45614035087719296,0.8333333333333333,0.42857142857142855,0.8055555555555555,0.6395348837209304,0.8275862068965517,0.8204592901878914,0.6818181818181819,0.5486725663716814,0.30893263171571494,0.8308098301171037,1.0
0.5263157894736843,Monza,0.0,1.0,0.44000000000000006,0.5833333333333333,0.4615384615384615,0.352112676056338,0.5245901639344263,0.41964285714285715,0.4794520547945205,0.391304347826087,0.28,0.3181818181818182,0.379518072289156,0.3452380952380951,0.5384615384615387,0.41860465116279066,0.0,0.33333333333333326,0.18181818181818182,0.45,0.4444444444444445,0.5,0.5384615384615385,0.5714285714285714,0.6153846153846155,1.0,0.375,0.6086956521739131,0.09649122807017543,0.12240272006044578,0.043859649122807015,0.09649122807017543,0.42857142857142855,0.861111111111111,0.5930232558139534,0.3793103448275862,0.3267223382045929,0.13636363636363635,0.1327433628318584,0.16503605534983434,0.8731980867557315,1.0
0.5789473684210527,Udinese,0.0,1.0,0.32,0.8333333333333333,0.4615384615384615,0.3380281690140845,0.4590163934426229,0.4464285714285714,0.3972602739726027,0.12173913043478261,0.32,0.3305785123966943,0.39759036144578275,0.3214285714285714,0.6153846153846153,0.5348837209302326,0.0,0.38095238095238093,0.27272727272727276,0.5,0.5,0.5454545454545454,0.6153846153846154,0.6428571428571428,0.6153846153846155,1.0,0.375,0.9130434782608696,0.9122807017543859,0.017084330269067707,0.9122807017543859,0.9122807017543859,0.42857142857142855,0.8333333333333333,0.5465116279069766,0.896551724137931,0.8611691022964509,0.4545454545454546,0.12389380530973451,0.26952510881569547,0.7576777173016659,1.0
0.631578947368421,Sassuolo,0.0,1.0,0.36,0.5,0.5769230769230768,0.3380281690140845,0.6721311475409836,0.33035714285714285,0.3835616438356165,0.24347826086956523,0.24000000000000002,0.41735537190082617,0.5361445783132535,0.3928571428571428,0.6923076923076924,0.6511627906976745,0.3333333333333333,0.5238095238095237,0.3636363636363637,0.55,0.5555555555555556,0.5909090909090908,0.6923076923076923,0.7142857142857142,0.6923076923076924,1.0,0.375,0.782608695652174,0.9035087719298245,0.2758258825504764,0.9473684210526315,0.9035087719298245,0.42857142857142855,0.8888888888888888,0.29069767441860483,0.3793103448275862,0.31524008350730687,0.3181818181818182,0.47787610619469023,0.2232703176768661,0.9206993237671119,0.9090909090909065
0.6842105263157894,Empoli,0.0,1.0,0.28,0.8333333333333333,0.4999999999999999,0.19718309859154926,0.47540983606557374,0.3482142857142857,0.35616438356164376,0.9217391304347826,0.28,0.3016528925619835,0.3493975903614457,0.26190476190476186,0.5384615384615387,0.37209302325581395,0.0,0.2857142857142857,0.09090909090909093,0.39999999999999997,0.4444444444444445,0.4545454545454546,0.5384615384615385,0.5,0.5384615384615384,1.0,0.375,0.2782608695652174,0.2894736842105263,0.03131427611971624,0.3333333333333333,0.2894736842105263,0.42857142857142855,0.7777777777777777,0.5813953488372097,0.5517241379310345,0.5521920668058455,0.18181818181818182,0.1504424778761062,0.20070161761839797,0.7950189675078344,1.0
0.736842105263158,Salernitana,0.0,1.0,0.24,1.0,0.4615384615384615,0.352112676056338,0.6885245901639344,0.33035714285714285,0.3424657534246575,0.1391304347826087,0.19999999999999998,0.27272727272727254,0.30722891566265,0.23809523809523814,0.46153846153846156,0.3023255813953488,0.0,0.23809523809523808,0.09090909090909093,0.35000000000000003,0.3888888888888889,0.40909090909090917,0.46153846153846156,0.4285714285714285,0.46153846153846156,1.0,0.375,0.7652173913043478,0.894736842105263,0.015825043025647485,0.9385964912280701,0.894736842105263,0.42857142857142855,0.8333333333333333,0.3720930232558139,0.5517241379310345,0.5125260960334029,0.13636363636363635,0.07964601769911504,0.3292275709738193,0.8205838693715982,0.9090909090909065
0.7894736842105263,Lecce,0.0,1.0,0.2,0.75,0.6153846153846153,0.1408450704225352,0.42622950819672134,0.3392857142857143,0.2602739726027397,0.3652173913043478,0.24000000000000002,0.22727272727272735,0.26506024096385516,0.20238095238095233,0.3846153846153849,0.2558139534883721,0.0,0.19047619047619047,0.09090909090909093,0.3,0.3333333333333333,0.2727272727272728,0.3846153846153846,0.3571428571428571,0.3846153846153847,1.0,0.375,0.4782608695652174,0.9210526315789473,0.04206019393023549,0.9298245614035088,0.9210526315789473,0.42857142857142855,0.9444444444444444,0.4186046511627907,1.0,0.8465553235908142,0.36363636363636365,0.2654867256637168,0.35287468329760285,0.9086590796635329,1.0
0.8421052631578947,Spezia,0.0,1.0,0.12,0.8333333333333333,0.6538461538461539,0.11267605633802819,0.6885245901639344,0.1785714285714286,0.1917808219178082,0.5739130434782609,0.16,0.16528925619834703,0.19879518072289137,0.16666666666666652,0.30769230769230776,0.18604651162790697,0.0,0.14285714285714285,0.09090909090909093,0.25000000000000006,0.27777777777777773,0.2272727272727273,0.3076923076923077,0.2857142857142857,0.3076923076923077,1.0,0.375,0.8521739130434782,0.7807017543859649,0.14771439365319228,0.8421052631578947,0.7807017543859649,0.42857142857142855,0.8888888888888888,0.3604651162790697,0.8620689655172413,0.7713987473903966,0.5,0.035398230088495575,0.09453647761969727,0.7455385122876463,0.818181818181813
0.894736842105263,Hellas Verona,0.0,1.0,0.16000000000000003,0.5833333333333333,0.7307692307692307,0.11267605633802819,0.639344262295082,0.20535714285714285,0.1917808219178082,0.20869565217391306,0.19999999999999998,0.14876033057851215,0.18072289156626464,0.1428571428571428,0.23076923076923067,0.13953488372093026,0.0,0.09523809523809523,0.0,0.2,0.22222222222222227,0.18181818181818188,0.23076923076923084,0.2142857142857143,0.23076923076923073,1.0,0.375,0.4260869565217391,0.20175438596491227,0.036057591403265754,0.20175438596491227,0.20175438596491227,0.42857142857142855,0.0,0.5517694641051574,0.0,0.5253244985023147,0.0,0.48672566371681414,0.34619632300396286,0.7585683654956292,0.45454545454546746
0.9473684210526316,Cremonese,0.0,1.0,0.08000000000000002,0.75,0.7307692307692307,0.18309859154929575,0.8032786885245903,0.1607142857142857,0.136986301369863,0.2,0.12,0.11157024793388406,0.12650602409638534,0.11904761904761907,0.15384615384615377,0.06976744186046513,0.0,0.047619047619047616,0.0,0.14999999999999997,0.16666666666666669,0.13636363636363646,0.15384615384615385,0.1428571428571428,0.15384615384615385,1.0,0.375,0.23478260869565218,0.8859649122807017,0.09385887587625404,0.9210526315789473,0.8859649122807017,0.42857142857142855,0.8055555555555555,0.47674418604651136,0.3103448275862069,0.26931106471816285,0.09090909090909091,0.3185840707964602,0.15075683752354965,0.7750618505690252,0.818181818181813
1.0,Sampdoria,0.0,1.0,0.0,0.5833333333333333,0.8846153846153844,0.014084507042253502,0.8360655737704917,0.035714285714285754,0.0273972602739726,0.6086956521739131,0.07999999999999999,0.053719008264462756,0.07831325301204739,0.04761904761904745,0.07692307692307689,0.0,0.0,0.0,0.0,0.10000000000000003,0.1111111111111111,0.09090909090909094,0.07692307692307693,0.0714285714285714,0.07692307692307698,1.0,0.375,0.7739130434782608,0.8684210526315789,0.043445409897997736,0.7894736842105263,0.8684210526315789,0.42857142857142855,0.9166666666666666,0.3488372093023255,0.1724137931034483,0.11899791231732776,0.18181818181818182,0.4336283185840708,0.41509777171441564,0.7643410852713178,0.818181818181813
